표준 증상명,유사어 예시
기억력 저하,"기억력 저하 때문에 걱정이에요, 기억력 저하 증상이 계속돼요, 기억, 기억력, 기억력 저하이 생겼어요, 기억력 저하이 있어요, 기억력 저하이 반복돼요, 기억력 저하가 심해졌어요, 기억력 저하으로 병원에 가야 할 것 같아요, 기억력 저하 때문에 일상생활이 힘들어요"
방향 감각 상실,"방향 감각 상실으로 병원에 가야 할 것 같아요, 방향 감각 상실 증상이 계속돼요, 방향 감각 상실이 생겼어요, 방향 감각 상실이 심해졌어요, 방향 감각 상실이 반복돼요, 방향 감각 상실이 있어요, 방향 감각 상실 때문에 걱정이에요, 방향 감각 상실 때문에 일상생활이 힘들어요"
성격 변화,"성격 변화이 생겼어요, 성격 변화 때문에 걱정이에요, 성격 변화 때문에 일상생활이 힘들어요, 성격 변화 증상이 계속돼요, 성격 변화이 심해졌어요, 성격 변화으로 병원에 가야 할 것 같아요, 성격 변화이 있어요, 성격 변화이 반복돼요"
두통,"두통 때문에 걱정이에요, 두통 증상이 계속돼요, 두통이 생겼어요, 두통이 심해졌어요, 두통이 반복돼요, 두통 때문에 일상생활이 힘들어요, 두통이 있어요, 두통으로 병원에 가야 할 것 같아요, 머리, 뇌, 두통"
어지럼증,"어지럼증 증상이 계속돼요, 어지럼증이 반복돼요, 어지럼증 때문에 걱정이에요, 어지럼증으로 병원에 가야 할 것 같아요, 어지럼증이 있어요, 어지럼증 때문에 일상생활이 힘들어요, 어지럼증이 생겼어요, 어지럼증이 심해졌어요"
특별한 증상 없음,"특별한 증상 없음이 심해졌어요, 특별한 증상 없음 증상이 계속돼요, 특별한 증상 없음이 생겼어요, 특별한 증상 없음이 반복돼요, 특별한 증상 없음으로 병원에 가야 할 것 같아요, 특별한 증상 없음이 있어요, 특별한 증상 없음 때문에 일상생활이 힘들어요, 특별한 증상 없음 때문에 걱정이에요"
잦은 갈증,"잦은 갈증 증상이 계속돼요, 잦은 갈증 때문에 걱정이에요, 잦은 갈증이 생겼어요, 잦은 갈증이 반복돼요, 잦은 갈증이 심해졌어요, 잦은 갈증 때문에 일상생활이 힘들어요, 잦은 갈증이 있어요, 잦은 갈증으로 병원에 가야 할 것 같아요"
잦은 소변,"잦은 소변으로 병원에 가야 할 것 같아요, 잦은 소변이 심해졌어요, 잦은 소변 때문에 걱정이에요, 잦은 소변이 있어요, 잦은 소변이 생겼어요, 잦은 소변 때문에 일상생활이 힘들어요, 잦은 소변이 반복돼요, 잦은 소변 증상이 계속돼요"
피로감,"피로감이 반복돼요, 피로감 증상이 계속돼요, 피로감으로 병원에 가야 할 것 같아요, 피로감이 심해졌어요, 피로감이 있어요, 피로감 때문에 일상생활이 힘들어요, 피로감이 생겼어요, 피로감 때문에 걱정이에요"
호흡곤란,"호흡곤란으로 병원에 가야 할 것 같아요, 호흡곤란 때문에 일상생활이 힘들어요, 호흡곤란이 있어요, 호흡곤란 때문에 걱정이에요, 호흡곤란이 심해졌어요, 호흡곤란이 반복돼요, 호흡곤란이 생겼어요, 호흡곤란 증상이 계속돼요"
피로감,"피로감이 반복돼요, 피로감 증상이 계속돼요, 피로감으로 병원에 가야 할 것 같아요, 피로감이 심해졌어요, 피로감이 있어요, 피로감 때문에 일상생활이 힘들어요, 피로감이 생겼어요, 피로감 때문에 걱정이에요"
하지 부종,"하지 부종 증상이 계속돼요, 하지 부종이 있어요, 하지 부종 때문에 일상생활이 힘들어요, 하지 부종이 반복돼요, 하지 부종이 심해졌어요, 하지 부종이 생겼어요, 하지 부종 때문에 걱정이에요, 하지 부종으로 병원에 가야 할 것 같아요"
기침,"기침이 반복돼요, 기침이 생겼어요, 기침 증상이 계속돼요, 기침이 심해졌어요, 기침으로 병원에 가야 할 것 같아요, 기침 때문에 걱정이에요, 기침이 있어요, 기침소리, 기침 때문에 일상생활이 힘들어요, 기침"
가래,"가래이 반복돼요, 가래이 있어요, 가래 때문에 걱정이에요, 가래 때문에 일상생활이 힘들어요, 가래이 심해졌어요, 가래으로 병원에 가야 할 것 같아요, 가래 증상이 계속돼요, 가래이 생겼어요"
호흡곤란,"호흡곤란으로 병원에 가야 할 것 같아요, 호흡곤란 때문에 일상생활이 힘들어요, 호흡곤란이 있어요, 호흡곤란 때문에 걱정이에요, 호흡곤란이 심해졌어요, 호흡곤란이 반복돼요, 호흡곤란이 생겼어요, 호흡곤란 증상이 계속돼요"
요통,"요통 때문에 걱정이에요, 요통 증상이 계속돼요, 요통 때문에 일상생활이 힘들어요, 요통이 있어요, 허리, 요통이 심해졌어요, 요통이 생겼어요, 요통, 요통이 반복돼요, 요통으로 병원에 가야 할 것 같아요"
쉽게 부러지는 뼈,"쉽게 부러지는 뼈 증상이 계속돼요, 쉽게 부러지는 뼈이 있어요, 쉽게 부러지는 뼈이 생겼어요, 쉽게 부러지는 뼈이 반복돼요, 쉽게 부러지는 뼈 때문에 일상생활이 힘들어요, 쉽게 부러지는 뼈 때문에 걱정이에요, 쉽게 부러지는 뼈으로 병원에 가야 할 것 같아요, 쉽게 부러지는 뼈이 심해졌어요"
키 감소,"키 감소으로 병원에 가야 할 것 같아요, 키 감소 때문에 걱정이에요, 키 감소이 생겼어요, 키 감소이 심해졌어요, 키 감소 때문에 일상생활이 힘들어요, 키 감소이 있어요, 키 감소이 반복돼요, 키 감소 증상이 계속돼요"
관절통,"관절통 때문에 걱정이에요, 관절통 때문에 일상생활이 힘들어요, 관절통이 반복돼요, 관절통으로 병원에 가야 할 것 같아요, 관절통이 심해졌어요, 관절통 증상이 계속돼요, 관절통이 생겼어요, 관절통이 있어요"
뻣뻣함,"뻣뻣함이 반복돼요, 뻣뻣함이 생겼어요, 뻣뻣함 때문에 일상생활이 힘들어요, 뻣뻣함이 심해졌어요, 뻣뻣함으로 병원에 가야 할 것 같아요, 뻣뻣함이 있어요, 뻣뻣함 증상이 계속돼요, 뻣뻣함 때문에 걱정이에요"
관절 소리,"관절 소리으로 병원에 가야 할 것 같아요, 관절 소리이 있어요, 관절 소리이 생겼어요, 관절 소리 때문에 걱정이에요, 관절 소리이 심해졌어요, 관절 소리 때문에 일상생활이 힘들어요, 관절 소리 증상이 계속돼요, 관절 소리이 반복돼요"
배뇨 곤란,"배뇨 곤란 때문에 걱정이에요, 배뇨 곤란이 반복돼요, 배뇨 곤란으로 병원에 가야 할 것 같아요, 배뇨 곤란이 심해졌어요, 배뇨 곤란이 생겼어요, 배뇨 곤란 증상이 계속돼요, 배뇨 곤란 때문에 일상생활이 힘들어요, 배뇨 곤란이 있어요"
빈뇨,"빈뇨이 반복돼요, 빈뇨이 생겼어요, 빈뇨 증상이 계속돼요, 빈뇨 때문에 걱정이에요, 빈뇨이 심해졌어요, 빈뇨이 있어요, 빈뇨으로 병원에 가야 할 것 같아요, 빈뇨 때문에 일상생활이 힘들어요"
잔뇨감,"잔뇨감이 반복돼요, 잔뇨감 때문에 걱정이에요, 잔뇨감이 있어요, 잔뇨감이 심해졌어요, 잔뇨감 증상이 계속돼요, 잔뇨감이 생겼어요, 잔뇨감으로 병원에 가야 할 것 같아요, 잔뇨감 때문에 일상생활이 힘들어요"
편측 마비,"편측 마비이 심해졌어요, 편측 마비 증상이 계속돼요, 편측 마비이 생겼어요, 편측 마비이 반복돼요, 편측 마비이 있어요, 편측 마비으로 병원에 가야 할 것 같아요, 편측 마비 때문에 걱정이에요, 편측 마비 때문에 일상생활이 힘들어요"
언어장애,"언어장애이 생겼어요, 언어장애 때문에 걱정이에요, 언어장애이 있어요, 언어장애이 반복돼요, 언어장애이 심해졌어요, 언어장애 증상이 계속돼요, 언어장애 때문에 일상생활이 힘들어요, 언어장애으로 병원에 가야 할 것 같아요"
시야 장애,"시야 장애이 심해졌어요, 시야 장애 때문에 일상생활이 힘들어요, 시야 장애 때문에 걱정이에요, 시야 장애이 생겼어요, 시야 장애이 있어요, 시야 장애이 반복돼요, 시야 장애으로 병원에 가야 할 것 같아요, 시야 장애 증상이 계속돼요"
시야 흐림,"시야 흐림이 생겼어요, 시야 흐림 때문에 일상생활이 힘들어요, 시야 흐림 증상이 계속돼요, 시야 흐림으로 병원에 가야 할 것 같아요, 시야 흐림이 있어요, 시야 흐림이 반복돼요, 시야 흐림이 심해졌어요, 시야 흐림 때문에 걱정이에요"
눈부심,"눈부심이 심해졌어요, 눈부심 증상이 계속돼요, 눈부심 때문에 걱정이에요, 눈부심이 있어요, 눈부심이 반복돼요, 눈부심이 생겼어요, 눈부심 때문에 일상생활이 힘들어요, 눈부심으로 병원에 가야 할 것 같아요"
시력 저하,"시력 저하 때문에 걱정이에요, 시력 저하이 반복돼요, 시력 저하 증상이 계속돼요, 시력 저하 때문에 일상생활이 힘들어요, 시력 저하이 심해졌어요, 시력 저하이 생겼어요, 시력 저하이 있어요, 시력 저하으로 병원에 가야 할 것 같아요"
중심 시야 흐림,"중심 시야 흐림이 있어요, 중심 시야 흐림 증상이 계속돼요, 중심 시야 흐림이 생겼어요, 중심 시야 흐림이 심해졌어요, 중심 시야 흐림 때문에 일상생활이 힘들어요, 중심 시야 흐림 때문에 걱정이에요, 중심 시야 흐림이 반복돼요, 중심 시야 흐림으로 병원에 가야 할 것 같아요"
직선 왜곡,"직선 왜곡 때문에 걱정이에요, 직선 왜곡 증상이 계속돼요, 직선 왜곡이 생겼어요, 직선 왜곡이 있어요, 직선 왜곡이 심해졌어요, 직선 왜곡이 반복돼요, 직선 왜곡 때문에 일상생활이 힘들어요, 직선 왜곡으로 병원에 가야 할 것 같아요"
무기력,"무기력 때문에 걱정이에요, 무기력이 있어요, 무기력이 심해졌어요, 무기력이 생겼어요, 무기력으로 병원에 가야 할 것 같아요, 무기력 증상이 계속돼요, 무기력이 반복돼요, 무기력 때문에 일상생활이 힘들어요"
식욕 저하,"식욕 저하 증상이 계속돼요, 식욕 저하이 반복돼요, 식욕 저하 때문에 걱정이에요, 식욕 저하이 있어요, 식욕 저하으로 병원에 가야 할 것 같아요, 식욕 저하이 심해졌어요, 식욕 저하이 생겼어요, 식욕 저하 때문에 일상생활이 힘들어요"
수면장애,"수면장애이 있어요, 수면장애 때문에 걱정이에요, 수면장애이 생겼어요, 수면장애 증상이 계속돼요, 수면장애으로 병원에 가야 할 것 같아요, 수면장애이 반복돼요, 수면장애이 심해졌어요, 수면장애 때문에 일상생활이 힘들어요"
복통,"복통이 심해졌어요, 복통이 반복돼요, 복통이 생겼어요, 복통이 있어요, 배, 복통 때문에 일상생활이 힘들어요, 복통 증상이 계속돼요, 복통, 복통 때문에 걱정이에요, 복통으로 병원에 가야 할 것 같아요"
속쓰림,"속쓰림으로 병원에 가야 할 것 같아요, 속쓰림 때문에 걱정이에요, 속쓰림 때문에 일상생활이 힘들어요, 속쓰림이 생겼어요, 속쓰림이 반복돼요, 속쓰림이 있어요, 속쓰림이 심해졌어요, 속쓰림 증상이 계속돼요"
구토,"구토 때문에 일상생활이 힘들어요, 구토, 구역질, 구토 때문에 걱정이에요, 토, 구토 증상이 계속돼요, 구토이 심해졌어요, 구토이 반복돼요, 구토이 생겼어요, 구토으로 병원에 가야 할 것 같아요, 구토이 있어요"
배변 곤란,"배변 곤란이 있어요, 배변 곤란으로 병원에 가야 할 것 같아요, 배변 곤란 증상이 계속돼요, 배변 곤란이 생겼어요, 배변 곤란이 심해졌어요, 배변 곤란 때문에 걱정이에요, 배변 곤란 때문에 일상생활이 힘들어요, 배변 곤란이 반복돼요"
복부 팽만감,"복부 팽만감이 심해졌어요, 복부 팽만감이 생겼어요, 복부 팽만감이 있어요, 복부 팽만감으로 병원에 가야 할 것 같아요, 복부 팽만감 때문에 걱정이에요, 복부 팽만감 증상이 계속돼요, 복부 팽만감 때문에 일상생활이 힘들어요, 복부 팽만감이 반복돼요"
소변 누출,"소변 누출 때문에 일상생활이 힘들어요, 소변 누출이 심해졌어요, 소변 누출이 있어요, 소변 누출 증상이 계속돼요, 소변 누출으로 병원에 가야 할 것 같아요, 소변 누출이 생겼어요, 소변 누출 때문에 걱정이에요, 소변 누출이 반복돼요"
절박뇨,"절박뇨이 심해졌어요, 절박뇨 때문에 일상생활이 힘들어요, 절박뇨 때문에 걱정이에요, 절박뇨이 반복돼요, 절박뇨으로 병원에 가야 할 것 같아요, 절박뇨이 생겼어요, 절박뇨이 있어요, 절박뇨 증상이 계속돼요"
손 떨림,"손 떨림으로 병원에 가야 할 것 같아요, 손 떨림이 반복돼요, 손 떨림이 있어요, 손 떨림 때문에 일상생활이 힘들어요, 손 떨림이 심해졌어요, 손 떨림이 생겼어요, 손 떨림 때문에 걱정이에요, 손 떨림 증상이 계속돼요"
느린 동작,"느린 동작이 심해졌어요, 느린 동작 증상이 계속돼요, 느린 동작 때문에 걱정이에요, 느린 동작 때문에 일상생활이 힘들어요, 느린 동작으로 병원에 가야 할 것 같아요, 느린 동작이 반복돼요, 느린 동작이 생겼어요, 느린 동작이 있어요"
자세 불안정,"자세 불안정 때문에 일상생활이 힘들어요, 자세 불안정 증상이 계속돼요, 자세 불안정으로 병원에 가야 할 것 같아요, 자세 불안정이 있어요, 자세 불안정 때문에 걱정이에요, 자세 불안정이 반복돼요, 자세 불안정이 심해졌어요, 자세 불안정이 생겼어요"
청력 저하,"청력 저하이 반복돼요, 청력 저하이 있어요, 청력 저하이 심해졌어요, 청력 저하으로 병원에 가야 할 것 같아요, 청력 저하 때문에 일상생활이 힘들어요, 청력 저하이 생겼어요, 청력 저하 때문에 걱정이에요, 청력 저하 증상이 계속돼요"
대화 어려움,"대화 어려움 때문에 일상생활이 힘들어요, 대화 어려움이 반복돼요, 대화 어려움이 있어요, 대화 어려움이 생겼어요, 대화 어려움이 심해졌어요, 대화 어려움으로 병원에 가야 할 것 같아요, 대화 어려움 때문에 걱정이에요, 대화 어려움 증상이 계속돼요"
잠들기 어려움,"잠들기 어려움 때문에 일상생활이 힘들어요, 잠들기 어려움이 있어요, 잠들기 어려움 때문에 걱정이에요, 잠들기 어려움이 심해졌어요, 잠들기 어려움이 반복돼요, 잠들기 어려움 증상이 계속돼요, 잠들기 어려움이 생겼어요, 잠들기 어려움으로 병원에 가야 할 것 같아요"
자주 깨는 수면,"자주 깨는 수면이 있어요, 자주 깨는 수면 때문에 일상생활이 힘들어요, 자주 깨는 수면이 심해졌어요, 자주 깨는 수면 증상이 계속돼요, 자주 깨는 수면이 반복돼요, 자주 깨는 수면 때문에 걱정이에요, 자주 깨는 수면이 생겼어요, 자주 깨는 수면으로 병원에 가야 할 것 같아요"
가려움,"가려움이 반복돼요, 가려움이 있어요, 가려움이 심해졌어요, 가려움 증상이 계속돼요, 가려움 때문에 걱정이에요, 가려움으로 병원에 가야 할 것 같아요, 가려움 때문에 일상생활이 힘들어요, 가려움이 생겼어요"
피부 벗겨짐,"피부 벗겨짐이 반복돼요, 피부 벗겨짐이 심해졌어요, 피부 벗겨짐 때문에 일상생활이 힘들어요, 피부 벗겨짐이 생겼어요, 피부 벗겨짐 때문에 걱정이에요, 피부 벗겨짐 증상이 계속돼요, 피부 벗겨짐으로 병원에 가야 할 것 같아요, 피부 벗겨짐이 있어요"
불규칙한 맥박,"불규칙한 맥박이 생겼어요, 불규칙한 맥박이 심해졌어요, 불규칙한 맥박이 있어요, 불규칙한 맥박으로 병원에 가야 할 것 같아요, 불규칙한 맥박 때문에 걱정이에요, 불규칙한 맥박 때문에 일상생활이 힘들어요, 불규칙한 맥박이 반복돼요, 불규칙한 맥박 증상이 계속돼요"
어지럼증,"어지럼증 증상이 계속돼요, 어지럼증이 반복돼요, 어지럼증 때문에 걱정이에요, 어지럼증으로 병원에 가야 할 것 같아요, 어지럼증이 있어요, 어지럼증 때문에 일상생활이 힘들어요, 어지럼증이 생겼어요, 어지럼증이 심해졌어요"
호흡곤란,"호흡곤란으로 병원에 가야 할 것 같아요, 호흡곤란 때문에 일상생활이 힘들어요, 호흡곤란이 있어요, 호흡곤란 때문에 걱정이에요, 호흡곤란이 심해졌어요, 호흡곤란이 반복돼요, 호흡곤란이 생겼어요, 호흡곤란 증상이 계속돼요"
혈변,"혈변 때문에 일상생활이 힘들어요, 혈변으로 병원에 가야 할 것 같아요, 혈변 증상이 계속돼요, 혈변이 생겼어요, 혈변이 반복돼요, 혈변이 심해졌어요, 혈변이 있어요, 혈변 때문에 걱정이에요"
변비,"변비이 심해졌어요, 변비이 생겼어요, 변비이 반복돼요, 변비 증상이 계속돼요, 변비이 있어요, 변비 때문에 걱정이에요, 변비으로 병원에 가야 할 것 같아요, 변비 때문에 일상생활이 힘들어요"
체중감소,"체중감소 증상이 계속돼요, 체중감소이 반복돼요, 체중감소 때문에 걱정이에요, 체중감소이 생겼어요, 체중감소으로 병원에 가야 할 것 같아요, 체중감소이 있어요, 체중감소이 심해졌어요, 체중감소 때문에 일상생활이 힘들어요"
상복부 통증,"상복부 통증이 심해졌어요, 상복부 통증으로 병원에 가야 할 것 같아요, 상복부 통증 때문에 걱정이에요, 상복부 통증 때문에 일상생활이 힘들어요, 상복부 통증 증상이 계속돼요, 상복부 통증이 있어요, 상복부 통증이 생겼어요, 상복부 통증이 반복돼요"
식욕부진,"식욕부진이 반복돼요, 식욕부진 때문에 일상생활이 힘들어요, 식욕부진 증상이 계속돼요, 식욕부진이 심해졌어요, 식욕부진이 생겼어요, 식욕부진이 있어요, 식욕부진 때문에 걱정이에요, 식욕부진으로 병원에 가야 할 것 같아요"
체중감소,"체중감소 증상이 계속돼요, 체중감소이 반복돼요, 체중감소 때문에 걱정이에요, 체중감소이 생겼어요, 체중감소으로 병원에 가야 할 것 같아요, 체중감소이 있어요, 체중감소이 심해졌어요, 체중감소 때문에 일상생활이 힘들어요"
통증,"통증으로 병원에 가야 할 것 같아요, 통증이 심해졌어요, 통증 때문에 일상생활이 힘들어요, 통증 때문에 걱정이에요, 통증이 있어요, 통증 증상이 계속돼요, 통증이 반복돼요, 통증이 생겼어요"
움직임 제한,"움직임 제한이 심해졌어요, 움직임 제한 때문에 걱정이에요, 움직임 제한이 생겼어요, 움직임 제한 때문에 일상생활이 힘들어요, 움직임 제한이 있어요, 움직임 제한이 반복돼요, 움직임 제한으로 병원에 가야 할 것 같아요, 움직임 제한 증상이 계속돼요"
음식 삼키기 어려움,"음식 삼키기 어려움이 반복돼요, 음식 삼키기 어려움이 생겼어요, 음식 삼키기 어려움으로 병원에 가야 할 것 같아요, 음식 삼키기 어려움 때문에 걱정이에요, 음식 삼키기 어려움 때문에 일상생활이 힘들어요, 음식 삼키기 어려움이 심해졌어요, 음식 삼키기 어려움 증상이 계속돼요, 음식 삼키기 어려움이 있어요"
기침 유발,"기침 유발이 생겼어요, 기침 유발으로 병원에 가야 할 것 같아요, 기침 유발 증상이 계속돼요, 기침 유발이 심해졌어요, 기침 유발 때문에 걱정이에요, 기침 유발이 있어요, 기침 유발이 반복돼요, 기침 유발 때문에 일상생활이 힘들어요"
넘어짐,"넘어짐이 반복돼요, 넘어짐 증상이 계속돼요, 넘어짐 때문에 걱정이에요, 넘어짐이 생겼어요, 넘어짐이 심해졌어요, 넘어짐 때문에 일상생활이 힘들어요, 넘어짐이 있어요, 넘어짐으로 병원에 가야 할 것 같아요"
외상,"외상이 있어요, 외상 때문에 걱정이에요, 외상이 반복돼요, 외상이 생겼어요, 외상 증상이 계속돼요, 외상이 심해졌어요, 외상 때문에 일상생활이 힘들어요, 외상으로 병원에 가야 할 것 같아요"
통증,"통증으로 병원에 가야 할 것 같아요, 통증이 심해졌어요, 통증 때문에 일상생활이 힘들어요, 통증 때문에 걱정이에요, 통증이 있어요, 통증 증상이 계속돼요, 통증이 반복돼요, 통증이 생겼어요"
복통,"복통이 심해졌어요, 복통이 반복돼요, 복통이 생겼어요, 복통이 있어요, 배, 복통 때문에 일상생활이 힘들어요, 복통 증상이 계속돼요, 복통, 복통 때문에 걱정이에요, 복통으로 병원에 가야 할 것 같아요"
설사,"설사 때문에 일상생활이 힘들어요, 배, 설사 때문에 걱정이에요, 장, 설사이 반복돼요, 설사이 생겼어요, 설사으로 병원에 가야 할 것 같아요, 설사, 설사 증상이 계속돼요, 설사이 있어요, 설사이 심해졌어요"
변비 반복,"변비 반복이 생겼어요, 변비 반복이 심해졌어요, 변비 반복 증상이 계속돼요, 변비 반복이 있어요, 변비 반복 때문에 걱정이에요, 변비 반복 때문에 일상생활이 힘들어요, 변비 반복으로 병원에 가야 할 것 같아요, 변비 반복이 반복돼요"
가슴 통증,"가슴 통증이 심해졌어요, 가슴 통증이 반복돼요, 가슴 통증 때문에 걱정이에요, 가슴 통증이 생겼어요, 가슴 통증 때문에 일상생활이 힘들어요, 가슴 통증이 있어요, 가슴 통증 증상이 계속돼요, 가슴 통증으로 병원에 가야 할 것 같아요"
호흡곤란,"호흡곤란으로 병원에 가야 할 것 같아요, 호흡곤란 때문에 일상생활이 힘들어요, 호흡곤란이 있어요, 호흡곤란 때문에 걱정이에요, 호흡곤란이 심해졌어요, 호흡곤란이 반복돼요, 호흡곤란이 생겼어요, 호흡곤란 증상이 계속돼요"
식은땀,"식은땀 증상이 계속돼요, 식은땀이 심해졌어요, 식은땀 때문에 일상생활이 힘들어요, 식은땀이 반복돼요, 식은땀이 있어요, 식은땀으로 병원에 가야 할 것 같아요, 식은땀이 생겼어요, 식은땀 때문에 걱정이에요"
운동 시 흉통,"운동 시 흉통이 있어요, 운동 시 흉통이 생겼어요, 운동 시 흉통 증상이 계속돼요, 운동 시 흉통 때문에 일상생활이 힘들어요, 운동 시 흉통으로 병원에 가야 할 것 같아요, 운동 시 흉통 때문에 걱정이에요, 운동 시 흉통이 반복돼요, 운동 시 흉통이 심해졌어요"
목/팔 통증,"목/팔 통증으로 병원에 가야 할 것 같아요, 목/팔 통증 때문에 일상생활이 힘들어요, 목/팔 통증 때문에 걱정이에요, 목/팔 통증이 심해졌어요, 목/팔 통증이 생겼어요, 목/팔 통증이 있어요, 목/팔 통증이 반복돼요, 목/팔 통증 증상이 계속돼요"
기침,"기침이 반복돼요, 기침이 생겼어요, 기침 증상이 계속돼요, 기침이 심해졌어요, 기침으로 병원에 가야 할 것 같아요, 기침 때문에 걱정이에요, 기침이 있어요, 기침소리, 기침 때문에 일상생활이 힘들어요, 기침"
가래,"가래이 반복돼요, 가래이 있어요, 가래 때문에 걱정이에요, 가래 때문에 일상생활이 힘들어요, 가래이 심해졌어요, 가래으로 병원에 가야 할 것 같아요, 가래 증상이 계속돼요, 가래이 생겼어요"
가슴 답답함,"가슴 답답함이 생겼어요, 가슴 답답함이 심해졌어요, 가슴 답답함이 있어요, 가슴 답답함으로 병원에 가야 할 것 같아요, 가슴 답답함 때문에 걱정이에요, 가슴 답답함 때문에 일상생활이 힘들어요, 가슴 답답함 증상이 계속돼요, 가슴 답답함이 반복돼요"
발열,"발열이 있어요, 발열이 심해졌어요, 체온, 발열 때문에 일상생활이 힘들어요, 열, 발열이 생겼어요, 발열으로 병원에 가야 할 것 같아요, 발열 때문에 걱정이에요, 발열이 반복돼요, 발열, 발열 증상이 계속돼요"
기침,"기침이 반복돼요, 기침이 생겼어요, 기침 증상이 계속돼요, 기침이 심해졌어요, 기침으로 병원에 가야 할 것 같아요, 기침 때문에 걱정이에요, 기침이 있어요, 기침소리, 기침 때문에 일상생활이 힘들어요, 기침"
가래,"가래이 반복돼요, 가래이 있어요, 가래 때문에 걱정이에요, 가래 때문에 일상생활이 힘들어요, 가래이 심해졌어요, 가래으로 병원에 가야 할 것 같아요, 가래 증상이 계속돼요, 가래이 생겼어요"
호흡곤란,"호흡곤란으로 병원에 가야 할 것 같아요, 호흡곤란 때문에 일상생활이 힘들어요, 호흡곤란이 있어요, 호흡곤란 때문에 걱정이에요, 호흡곤란이 심해졌어요, 호흡곤란이 반복돼요, 호흡곤란이 생겼어요, 호흡곤란 증상이 계속돼요"
피로감,"피로감이 반복돼요, 피로감 증상이 계속돼요, 피로감으로 병원에 가야 할 것 같아요, 피로감이 심해졌어요, 피로감이 있어요, 피로감 때문에 일상생활이 힘들어요, 피로감이 생겼어요, 피로감 때문에 걱정이에요"
황달,"황달이 심해졌어요, 황달이 반복돼요, 황달 때문에 일상생활이 힘들어요, 황달이 있어요, 황달으로 병원에 가야 할 것 같아요, 황달 증상이 계속돼요, 황달이 생겼어요, 황달 때문에 걱정이에요"
복수,"복수이 있어요, 복수 때문에 걱정이에요, 복수 증상이 계속돼요, 복수이 심해졌어요, 복수 때문에 일상생활이 힘들어요, 복수이 반복돼요, 복수으로 병원에 가야 할 것 같아요, 복수이 생겼어요"
체중 감소,"체중 감소 증상이 계속돼요, 체중 감소 때문에 일상생활이 힘들어요, 체중 감소이 있어요, 체중 감소으로 병원에 가야 할 것 같아요, 체중 감소이 생겼어요, 체중 감소이 심해졌어요, 체중 감소이 반복돼요, 체중 감소 때문에 걱정이에요"
복통,"복통이 심해졌어요, 복통이 반복돼요, 복통이 생겼어요, 복통이 있어요, 배, 복통 때문에 일상생활이 힘들어요, 복통 증상이 계속돼요, 복통, 복통 때문에 걱정이에요, 복통으로 병원에 가야 할 것 같아요"
피로감,"피로감이 반복돼요, 피로감 증상이 계속돼요, 피로감으로 병원에 가야 할 것 같아요, 피로감이 심해졌어요, 피로감이 있어요, 피로감 때문에 일상생활이 힘들어요, 피로감이 생겼어요, 피로감 때문에 걱정이에요"
상복부 통증,"상복부 통증이 심해졌어요, 상복부 통증으로 병원에 가야 할 것 같아요, 상복부 통증 때문에 걱정이에요, 상복부 통증 때문에 일상생활이 힘들어요, 상복부 통증 증상이 계속돼요, 상복부 통증이 있어요, 상복부 통증이 생겼어요, 상복부 통증이 반복돼요"
구역,"구역이 반복돼요, 구역 때문에 일상생활이 힘들어요, 구역이 있어요, 구역 때문에 걱정이에요, 구역이 심해졌어요, 구역 증상이 계속돼요, 구역으로 병원에 가야 할 것 같아요, 구역이 생겼어요"
구토,"구토 때문에 일상생활이 힘들어요, 구토, 구역질, 구토 때문에 걱정이에요, 토, 구토 증상이 계속돼요, 구토이 심해졌어요, 구토이 반복돼요, 구토이 생겼어요, 구토으로 병원에 가야 할 것 같아요, 구토이 있어요"
체중 감소,"체중 감소 증상이 계속돼요, 체중 감소 때문에 일상생활이 힘들어요, 체중 감소이 있어요, 체중 감소으로 병원에 가야 할 것 같아요, 체중 감소이 생겼어요, 체중 감소이 심해졌어요, 체중 감소이 반복돼요, 체중 감소 때문에 걱정이에요"
황달,"황달이 심해졌어요, 황달이 반복돼요, 황달 때문에 일상생활이 힘들어요, 황달이 있어요, 황달으로 병원에 가야 할 것 같아요, 황달 증상이 계속돼요, 황달이 생겼어요, 황달 때문에 걱정이에요"
상복부 통증,"상복부 통증이 심해졌어요, 상복부 통증으로 병원에 가야 할 것 같아요, 상복부 통증 때문에 걱정이에요, 상복부 통증 때문에 일상생활이 힘들어요, 상복부 통증 증상이 계속돼요, 상복부 통증이 있어요, 상복부 통증이 생겼어요, 상복부 통증이 반복돼요"
부종,"부종 증상이 계속돼요, 부종으로 병원에 가야 할 것 같아요, 부종이 반복돼요, 부종이 심해졌어요, 부종 때문에 일상생활이 힘들어요, 부종이 있어요, 부종 때문에 걱정이에요, 부종이 생겼어요"
피로,"피로이 있어요, 피로 증상이 계속돼요, 피로이 심해졌어요, 피로이 생겼어요, 피로 때문에 걱정이에요, 피로으로 병원에 가야 할 것 같아요, 피로 때문에 일상생활이 힘들어요, 피로이 반복돼요"
소변량 감소,"소변량 감소이 있어요, 소변량 감소 때문에 걱정이에요, 소변량 감소 때문에 일상생활이 힘들어요, 소변량 감소으로 병원에 가야 할 것 같아요, 소변량 감소이 심해졌어요, 소변량 감소이 생겼어요, 소변량 감소 증상이 계속돼요, 소변량 감소이 반복돼요"
배뇨통,"배뇨통이 반복돼요, 배뇨통이 심해졌어요, 배뇨통 때문에 일상생활이 힘들어요, 배뇨통이 생겼어요, 배뇨통 증상이 계속돼요, 배뇨통으로 병원에 가야 할 것 같아요, 배뇨통 때문에 걱정이에요, 배뇨통이 있어요"
잦은 소변,"잦은 소변으로 병원에 가야 할 것 같아요, 잦은 소변이 심해졌어요, 잦은 소변 때문에 걱정이에요, 잦은 소변이 있어요, 잦은 소변이 생겼어요, 잦은 소변 때문에 일상생활이 힘들어요, 잦은 소변이 반복돼요, 잦은 소변 증상이 계속돼요"
발열,"발열이 있어요, 발열이 심해졌어요, 체온, 발열 때문에 일상생활이 힘들어요, 열, 발열이 생겼어요, 발열으로 병원에 가야 할 것 같아요, 발열 때문에 걱정이에요, 발열이 반복돼요, 발열, 발열 증상이 계속돼요"
배뇨 곤란,"배뇨 곤란 때문에 걱정이에요, 배뇨 곤란이 반복돼요, 배뇨 곤란으로 병원에 가야 할 것 같아요, 배뇨 곤란이 심해졌어요, 배뇨 곤란이 생겼어요, 배뇨 곤란 증상이 계속돼요, 배뇨 곤란 때문에 일상생활이 힘들어요, 배뇨 곤란이 있어요"
혈뇨,"혈뇨이 심해졌어요, 혈뇨이 생겼어요, 혈뇨 증상이 계속돼요, 혈뇨이 있어요, 혈뇨 때문에 걱정이에요, 혈뇨으로 병원에 가야 할 것 같아요, 혈뇨이 반복돼요, 혈뇨 때문에 일상생활이 힘들어요"
배뇨통,"배뇨통이 반복돼요, 배뇨통이 심해졌어요, 배뇨통 때문에 일상생활이 힘들어요, 배뇨통이 생겼어요, 배뇨통 증상이 계속돼요, 배뇨통으로 병원에 가야 할 것 같아요, 배뇨통 때문에 걱정이에요, 배뇨통이 있어요"
잦은 소변,"잦은 소변으로 병원에 가야 할 것 같아요, 잦은 소변이 심해졌어요, 잦은 소변 때문에 걱정이에요, 잦은 소변이 있어요, 잦은 소변이 생겼어요, 잦은 소변 때문에 일상생활이 힘들어요, 잦은 소변이 반복돼요, 잦은 소변 증상이 계속돼요"
잔뇨감,"잔뇨감이 반복돼요, 잔뇨감 때문에 걱정이에요, 잔뇨감이 있어요, 잔뇨감이 심해졌어요, 잔뇨감 증상이 계속돼요, 잔뇨감이 생겼어요, 잔뇨감으로 병원에 가야 할 것 같아요, 잔뇨감 때문에 일상생활이 힘들어요"
손가락 관절통,"손가락 관절통 증상이 계속돼요, 손가락 관절통이 심해졌어요, 손가락 관절통이 생겼어요, 손가락 관절통이 반복돼요, 손가락 관절통이 있어요, 손가락 관절통 때문에 걱정이에요, 손가락 관절통 때문에 일상생활이 힘들어요, 손가락 관절통으로 병원에 가야 할 것 같아요"
뻣뻣함,"뻣뻣함이 반복돼요, 뻣뻣함이 생겼어요, 뻣뻣함 때문에 일상생활이 힘들어요, 뻣뻣함이 심해졌어요, 뻣뻣함으로 병원에 가야 할 것 같아요, 뻣뻣함이 있어요, 뻣뻣함 증상이 계속돼요, 뻣뻣함 때문에 걱정이에요"
발가락 관절통,"발가락 관절통이 있어요, 발가락 관절통이 생겼어요, 발가락 관절통으로 병원에 가야 할 것 같아요, 발가락 관절통 때문에 걱정이에요, 발가락 관절통 때문에 일상생활이 힘들어요, 발가락 관절통이 반복돼요, 발가락 관절통이 심해졌어요, 발가락 관절통 증상이 계속돼요"
열감,"열감이 심해졌어요, 열감이 있어요, 열감이 생겼어요, 열감이 반복돼요, 열감 때문에 걱정이에요, 열감 증상이 계속돼요, 열감 때문에 일상생활이 힘들어요, 열감으로 병원에 가야 할 것 같아요"
피로,"피로이 있어요, 피로 증상이 계속돼요, 피로이 심해졌어요, 피로이 생겼어요, 피로 때문에 걱정이에요, 피로으로 병원에 가야 할 것 같아요, 피로 때문에 일상생활이 힘들어요, 피로이 반복돼요"
발열,"발열이 있어요, 발열이 심해졌어요, 체온, 발열 때문에 일상생활이 힘들어요, 열, 발열이 생겼어요, 발열으로 병원에 가야 할 것 같아요, 발열 때문에 걱정이에요, 발열이 반복돼요, 발열, 발열 증상이 계속돼요"
피부 발진,"피부 발진 때문에 걱정이에요, 피부 발진 때문에 일상생활이 힘들어요, 피부 발진이 반복돼요, 피부 발진이 생겼어요, 피부 발진이 심해졌어요, 피부 발진이 있어요, 피부 발진으로 병원에 가야 할 것 같아요, 피부 발진 증상이 계속돼요"
기분 저하,"기분 저하 때문에 걱정이에요, 기분 저하이 생겼어요, 기분 저하 때문에 일상생활이 힘들어요, 기분 저하이 있어요, 기분 저하 증상이 계속돼요, 기분 저하으로 병원에 가야 할 것 같아요, 기분 저하이 심해졌어요, 기분 저하이 반복돼요"
무기력,"무기력 때문에 걱정이에요, 무기력이 있어요, 무기력이 심해졌어요, 무기력이 생겼어요, 무기력으로 병원에 가야 할 것 같아요, 무기력 증상이 계속돼요, 무기력이 반복돼요, 무기력 때문에 일상생활이 힘들어요"
불면,"불면 증상이 계속돼요, 불면으로 병원에 가야 할 것 같아요, 불면이 심해졌어요, 불면이 있어요, 불면 때문에 걱정이에요, 불면이 반복돼요, 불면이 생겼어요, 불면 때문에 일상생활이 힘들어요"
초조함,"초조함으로 병원에 가야 할 것 같아요, 초조함이 반복돼요, 초조함 때문에 걱정이에요, 초조함 때문에 일상생활이 힘들어요, 초조함이 생겼어요, 초조함이 심해졌어요, 초조함 증상이 계속돼요, 초조함이 있어요"
두근거림,"두근거림이 생겼어요, 두근거림이 있어요, 두근거림으로 병원에 가야 할 것 같아요, 두근거림 때문에 일상생활이 힘들어요, 두근거림 증상이 계속돼요, 두근거림 때문에 걱정이에요, 두근거림이 반복돼요, 두근거림이 심해졌어요"
긴장감,"긴장감으로 병원에 가야 할 것 같아요, 긴장감 증상이 계속돼요, 긴장감이 반복돼요, 긴장감이 심해졌어요, 긴장감 때문에 일상생활이 힘들어요, 긴장감 때문에 걱정이에요, 긴장감이 생겼어요, 긴장감이 있어요"
항문 통증,"항문 통증으로 병원에 가야 할 것 같아요, 항문 통증 때문에 걱정이에요, 항문 통증이 생겼어요, 항문 통증이 심해졌어요, 항문 통증 때문에 일상생활이 힘들어요, 항문 통증이 반복돼요, 항문 통증 증상이 계속돼요, 항문 통증이 있어요"
출혈,"출혈이 생겼어요, 출혈 증상이 계속돼요, 출혈이 심해졌어요, 출혈 때문에 걱정이에요, 출혈이 있어요, 출혈으로 병원에 가야 할 것 같아요, 출혈 때문에 일상생활이 힘들어요, 출혈이 반복돼요"
종물,"종물이 반복돼요, 종물 때문에 일상생활이 힘들어요, 종물이 생겼어요, 종물이 있어요, 종물이 심해졌어요, 종물 때문에 걱정이에요, 종물으로 병원에 가야 할 것 같아요, 종물 증상이 계속돼요"
항문 통증,"항문 통증으로 병원에 가야 할 것 같아요, 항문 통증 때문에 걱정이에요, 항문 통증이 생겼어요, 항문 통증이 심해졌어요, 항문 통증 때문에 일상생활이 힘들어요, 항문 통증이 반복돼요, 항문 통증 증상이 계속돼요, 항문 통증이 있어요"
고름,"고름으로 병원에 가야 할 것 같아요, 고름이 있어요, 고름 증상이 계속돼요, 고름이 반복돼요, 고름이 심해졌어요, 고름이 생겼어요, 고름 때문에 걱정이에요, 고름 때문에 일상생활이 힘들어요"
발열,"발열이 있어요, 발열이 심해졌어요, 체온, 발열 때문에 일상생활이 힘들어요, 열, 발열이 생겼어요, 발열으로 병원에 가야 할 것 같아요, 발열 때문에 걱정이에요, 발열이 반복돼요, 발열, 발열 증상이 계속돼요"
배변 시 통증,"배변 시 통증이 심해졌어요, 배변 시 통증 때문에 걱정이에요, 배변 시 통증으로 병원에 가야 할 것 같아요, 배변 시 통증 때문에 일상생활이 힘들어요, 배변 시 통증이 생겼어요, 배변 시 통증이 있어요, 배변 시 통증 증상이 계속돼요, 배변 시 통증이 반복돼요"
출혈,"출혈이 생겼어요, 출혈 증상이 계속돼요, 출혈이 심해졌어요, 출혈 때문에 걱정이에요, 출혈이 있어요, 출혈으로 병원에 가야 할 것 같아요, 출혈 때문에 일상생활이 힘들어요, 출혈이 반복돼요"
피로감,"피로감이 반복돼요, 피로감 증상이 계속돼요, 피로감으로 병원에 가야 할 것 같아요, 피로감이 심해졌어요, 피로감이 있어요, 피로감 때문에 일상생활이 힘들어요, 피로감이 생겼어요, 피로감 때문에 걱정이에요"
체중 증가,"체중 증가 증상이 계속돼요, 체중 증가으로 병원에 가야 할 것 같아요, 체중 증가 때문에 걱정이에요, 체중 증가이 반복돼요, 체중 증가이 있어요, 체중 증가이 생겼어요, 체중 증가이 심해졌어요, 체중 증가 때문에 일상생활이 힘들어요"
추위 민감,"추위 민감이 심해졌어요, 추위 민감 때문에 일상생활이 힘들어요, 추위 민감 증상이 계속돼요, 추위 민감으로 병원에 가야 할 것 같아요, 추위 민감 때문에 걱정이에요, 추위 민감이 있어요, 추위 민감이 반복돼요, 추위 민감이 생겼어요"
불면,"불면 증상이 계속돼요, 불면으로 병원에 가야 할 것 같아요, 불면이 심해졌어요, 불면이 있어요, 불면 때문에 걱정이에요, 불면이 반복돼요, 불면이 생겼어요, 불면 때문에 일상생활이 힘들어요"
체중 감소,"체중 감소 증상이 계속돼요, 체중 감소 때문에 일상생활이 힘들어요, 체중 감소이 있어요, 체중 감소으로 병원에 가야 할 것 같아요, 체중 감소이 생겼어요, 체중 감소이 심해졌어요, 체중 감소이 반복돼요, 체중 감소 때문에 걱정이에요"
손떨림,"손떨림 때문에 걱정이에요, 손떨림이 있어요, 손떨림이 반복돼요, 손떨림 증상이 계속돼요, 손떨림이 심해졌어요, 손떨림 때문에 일상생활이 힘들어요, 손떨림으로 병원에 가야 할 것 같아요, 손떨림이 생겼어요"
경부 종물,"경부 종물이 생겼어요, 경부 종물으로 병원에 가야 할 것 같아요, 경부 종물이 반복돼요, 경부 종물 증상이 계속돼요, 경부 종물 때문에 걱정이에요, 경부 종물이 있어요, 경부 종물 때문에 일상생활이 힘들어요, 경부 종물이 심해졌어요"
쉰 목소리,"쉰 목소리 때문에 걱정이에요, 쉰 목소리이 있어요, 쉰 목소리 때문에 일상생활이 힘들어요, 쉰 목소리이 심해졌어요, 쉰 목소리이 반복돼요, 쉰 목소리이 생겼어요, 쉰 목소리 증상이 계속돼요, 쉰 목소리으로 병원에 가야 할 것 같아요"
피로감,"피로감이 반복돼요, 피로감 증상이 계속돼요, 피로감으로 병원에 가야 할 것 같아요, 피로감이 심해졌어요, 피로감이 있어요, 피로감 때문에 일상생활이 힘들어요, 피로감이 생겼어요, 피로감 때문에 걱정이에요"
창백함,"창백함 때문에 걱정이에요, 창백함이 있어요, 창백함 증상이 계속돼요, 창백함 때문에 일상생활이 힘들어요, 창백함이 반복돼요, 창백함이 심해졌어요, 창백함이 생겼어요, 창백함으로 병원에 가야 할 것 같아요"
어지럼증,"어지럼증 증상이 계속돼요, 어지럼증이 반복돼요, 어지럼증 때문에 걱정이에요, 어지럼증으로 병원에 가야 할 것 같아요, 어지럼증이 있어요, 어지럼증 때문에 일상생활이 힘들어요, 어지럼증이 생겼어요, 어지럼증이 심해졌어요"
피로,"피로이 있어요, 피로 증상이 계속돼요, 피로이 심해졌어요, 피로이 생겼어요, 피로 때문에 걱정이에요, 피로으로 병원에 가야 할 것 같아요, 피로 때문에 일상생활이 힘들어요, 피로이 반복돼요"
잦은 감염,"잦은 감염이 생겼어요, 잦은 감염 때문에 걱정이에요, 잦은 감염이 반복돼요, 잦은 감염으로 병원에 가야 할 것 같아요, 잦은 감염 때문에 일상생활이 힘들어요, 잦은 감염이 심해졌어요, 잦은 감염이 있어요, 잦은 감염 증상이 계속돼요"
출혈 경향,"출혈 경향으로 병원에 가야 할 것 같아요, 출혈 경향 증상이 계속돼요, 출혈 경향 때문에 걱정이에요, 출혈 경향이 생겼어요, 출혈 경향이 있어요, 출혈 경향이 심해졌어요, 출혈 경향이 반복돼요, 출혈 경향 때문에 일상생활이 힘들어요"
림프절 종창,"림프절 종창이 있어요, 림프절 종창이 생겼어요, 림프절 종창 증상이 계속돼요, 림프절 종창이 반복돼요, 림프절 종창으로 병원에 가야 할 것 같아요, 림프절 종창이 심해졌어요, 림프절 종창 때문에 걱정이에요, 림프절 종창 때문에 일상생활이 힘들어요"
발열,"발열이 있어요, 발열이 심해졌어요, 체온, 발열 때문에 일상생활이 힘들어요, 열, 발열이 생겼어요, 발열으로 병원에 가야 할 것 같아요, 발열 때문에 걱정이에요, 발열이 반복돼요, 발열, 발열 증상이 계속돼요"
체중감소,"체중감소 증상이 계속돼요, 체중감소이 반복돼요, 체중감소 때문에 걱정이에요, 체중감소이 생겼어요, 체중감소으로 병원에 가야 할 것 같아요, 체중감소이 있어요, 체중감소이 심해졌어요, 체중감소 때문에 일상생활이 힘들어요"
속쓰림,"속쓰림으로 병원에 가야 할 것 같아요, 속쓰림 때문에 걱정이에요, 속쓰림 때문에 일상생활이 힘들어요, 속쓰림이 생겼어요, 속쓰림이 반복돼요, 속쓰림이 있어요, 속쓰림이 심해졌어요, 속쓰림 증상이 계속돼요"
목 이물감,"목 이물감이 생겼어요, 목 이물감이 있어요, 목 이물감 때문에 일상생활이 힘들어요, 목 이물감 증상이 계속돼요, 목 이물감이 심해졌어요, 목 이물감으로 병원에 가야 할 것 같아요, 목 이물감 때문에 걱정이에요, 목 이물감이 반복돼요"
트림,"트림이 반복돼요, 트림으로 병원에 가야 할 것 같아요, 트림 때문에 걱정이에요, 트림 때문에 일상생활이 힘들어요, 트림 증상이 계속돼요, 트림이 심해졌어요, 트림이 생겼어요, 트림이 있어요"
삼킴 곤란,"삼킴 곤란 때문에 걱정이에요, 삼킴 곤란이 생겼어요, 삼킴 곤란으로 병원에 가야 할 것 같아요, 삼킴 곤란 때문에 일상생활이 힘들어요, 삼킴 곤란이 반복돼요, 삼킴 곤란 증상이 계속돼요, 삼킴 곤란이 심해졌어요, 삼킴 곤란이 있어요"
체중감소,"체중감소 증상이 계속돼요, 체중감소이 반복돼요, 체중감소 때문에 걱정이에요, 체중감소이 생겼어요, 체중감소으로 병원에 가야 할 것 같아요, 체중감소이 있어요, 체중감소이 심해졌어요, 체중감소 때문에 일상생활이 힘들어요"
무증상,"무증상으로 병원에 가야 할 것 같아요, 무증상이 생겼어요, 무증상 때문에 일상생활이 힘들어요, 무증상이 있어요, 무증상이 반복돼요, 무증상이 심해졌어요, 무증상 증상이 계속돼요, 무증상 때문에 걱정이에요"
간헐적 혈변,"간헐적 혈변 증상이 계속돼요, 간헐적 혈변이 있어요, 간헐적 혈변 때문에 걱정이에요, 간헐적 혈변이 심해졌어요, 간헐적 혈변으로 병원에 가야 할 것 같아요, 간헐적 혈변이 생겼어요, 간헐적 혈변 때문에 일상생활이 힘들어요, 간헐적 혈변이 반복돼요"
갑작스런 호흡곤란,"갑작스런 호흡곤란으로 병원에 가야 할 것 같아요, 갑작스런 호흡곤란이 반복돼요, 갑작스런 호흡곤란이 심해졌어요, 갑작스런 호흡곤란이 생겼어요, 갑작스런 호흡곤란이 있어요, 갑작스런 호흡곤란 증상이 계속돼요, 갑작스런 호흡곤란 때문에 걱정이에요, 갑작스런 호흡곤란 때문에 일상생활이 힘들어요"
흉통,"흉통으로 병원에 가야 할 것 같아요, 흉통 증상이 계속돼요, 흉통이 있어요, 흉통 때문에 일상생활이 힘들어요, 흉통 때문에 걱정이에요, 흉통이 심해졌어요, 흉통이 반복돼요, 흉통이 생겼어요"
기침,"기침이 반복돼요, 기침이 생겼어요, 기침 증상이 계속돼요, 기침이 심해졌어요, 기침으로 병원에 가야 할 것 같아요, 기침 때문에 걱정이에요, 기침이 있어요, 기침소리, 기침 때문에 일상생활이 힘들어요, 기침"
체중감소,"체중감소 증상이 계속돼요, 체중감소이 반복돼요, 체중감소 때문에 걱정이에요, 체중감소이 생겼어요, 체중감소으로 병원에 가야 할 것 같아요, 체중감소이 있어요, 체중감소이 심해졌어요, 체중감소 때문에 일상생활이 힘들어요"
발열,"발열이 있어요, 발열이 심해졌어요, 체온, 발열 때문에 일상생활이 힘들어요, 열, 발열이 생겼어요, 발열으로 병원에 가야 할 것 같아요, 발열 때문에 걱정이에요, 발열이 반복돼요, 발열, 발열 증상이 계속돼요"
기침,"기침이 반복돼요, 기침이 생겼어요, 기침 증상이 계속돼요, 기침이 심해졌어요, 기침으로 병원에 가야 할 것 같아요, 기침 때문에 걱정이에요, 기침이 있어요, 기침소리, 기침 때문에 일상생활이 힘들어요, 기침"
가래,"가래이 반복돼요, 가래이 있어요, 가래 때문에 걱정이에요, 가래 때문에 일상생활이 힘들어요, 가래이 심해졌어요, 가래으로 병원에 가야 할 것 같아요, 가래 증상이 계속돼요, 가래이 생겼어요"
객혈,"객혈이 생겼어요, 객혈이 심해졌어요, 객혈 때문에 일상생활이 힘들어요, 객혈으로 병원에 가야 할 것 같아요, 객혈이 반복돼요, 객혈 때문에 걱정이에요, 객혈 증상이 계속돼요, 객혈이 있어요"
어지럼증,"어지럼증 증상이 계속돼요, 어지럼증이 반복돼요, 어지럼증 때문에 걱정이에요, 어지럼증으로 병원에 가야 할 것 같아요, 어지럼증이 있어요, 어지럼증 때문에 일상생활이 힘들어요, 어지럼증이 생겼어요, 어지럼증이 심해졌어요"
실신,"실신이 생겼어요, 실신이 심해졌어요, 실신으로 병원에 가야 할 것 같아요, 실신 때문에 일상생활이 힘들어요, 실신이 반복돼요, 실신 때문에 걱정이에요, 실신이 있어요, 실신 증상이 계속돼요"
심잡음,"심잡음이 생겼어요, 심잡음으로 병원에 가야 할 것 같아요, 심잡음 증상이 계속돼요, 심잡음이 있어요, 심잡음이 반복돼요, 심잡음 때문에 일상생활이 힘들어요, 심잡음이 심해졌어요, 심잡음 때문에 걱정이에요"
호흡곤란,"호흡곤란으로 병원에 가야 할 것 같아요, 호흡곤란 때문에 일상생활이 힘들어요, 호흡곤란이 있어요, 호흡곤란 때문에 걱정이에요, 호흡곤란이 심해졌어요, 호흡곤란이 반복돼요, 호흡곤란이 생겼어요, 호흡곤란 증상이 계속돼요"
피로감,"피로감이 반복돼요, 피로감 증상이 계속돼요, 피로감으로 병원에 가야 할 것 같아요, 피로감이 심해졌어요, 피로감이 있어요, 피로감 때문에 일상생활이 힘들어요, 피로감이 생겼어요, 피로감 때문에 걱정이에요"
두근거림,"두근거림이 생겼어요, 두근거림이 있어요, 두근거림으로 병원에 가야 할 것 같아요, 두근거림 때문에 일상생활이 힘들어요, 두근거림 증상이 계속돼요, 두근거림 때문에 걱정이에요, 두근거림이 반복돼요, 두근거림이 심해졌어요"
어지럼증,"어지럼증 증상이 계속돼요, 어지럼증이 반복돼요, 어지럼증 때문에 걱정이에요, 어지럼증으로 병원에 가야 할 것 같아요, 어지럼증이 있어요, 어지럼증 때문에 일상생활이 힘들어요, 어지럼증이 생겼어요, 어지럼증이 심해졌어요"
무증상,"무증상으로 병원에 가야 할 것 같아요, 무증상이 생겼어요, 무증상 때문에 일상생활이 힘들어요, 무증상이 있어요, 무증상이 반복돼요, 무증상이 심해졌어요, 무증상 증상이 계속돼요, 무증상 때문에 걱정이에요"
혈중 지질 이상,"혈중 지질 이상으로 병원에 가야 할 것 같아요, 혈중 지질 이상이 반복돼요, 혈중 지질 이상 증상이 계속돼요, 혈중 지질 이상이 있어요, 혈중 지질 이상이 생겼어요, 혈중 지질 이상이 심해졌어요, 혈중 지질 이상 때문에 걱정이에요, 혈중 지질 이상 때문에 일상생활이 힘들어요"
호흡곤란,"호흡곤란으로 병원에 가야 할 것 같아요, 호흡곤란 때문에 일상생활이 힘들어요, 호흡곤란이 있어요, 호흡곤란 때문에 걱정이에요, 호흡곤란이 심해졌어요, 호흡곤란이 반복돼요, 호흡곤란이 생겼어요, 호흡곤란 증상이 계속돼요"
손발 저림,"손발 저림이 있어요, 손발 저림이 생겼어요, 손발 저림으로 병원에 가야 할 것 같아요, 손발 저림 증상이 계속돼요, 손발 저림이 반복돼요, 손발 저림이 심해졌어요, 손발 저림 때문에 일상생활이 힘들어요, 손발 저림 때문에 걱정이에요"
호흡곤란,"호흡곤란으로 병원에 가야 할 것 같아요, 호흡곤란 때문에 일상생활이 힘들어요, 호흡곤란이 있어요, 호흡곤란 때문에 걱정이에요, 호흡곤란이 심해졌어요, 호흡곤란이 반복돼요, 호흡곤란이 생겼어요, 호흡곤란 증상이 계속돼요"
마른 기침,"마른 기침이 심해졌어요, 마른 기침이 있어요, 마른 기침 증상이 계속돼요, 마른 기침이 생겼어요, 마른 기침 때문에 걱정이에요, 마른 기침으로 병원에 가야 할 것 같아요, 마른 기침 때문에 일상생활이 힘들어요, 마른 기침이 반복돼요"
잠들기 어려움,"잠들기 어려움 때문에 일상생활이 힘들어요, 잠들기 어려움이 있어요, 잠들기 어려움 때문에 걱정이에요, 잠들기 어려움이 심해졌어요, 잠들기 어려움이 반복돼요, 잠들기 어려움 증상이 계속돼요, 잠들기 어려움이 생겼어요, 잠들기 어려움으로 병원에 가야 할 것 같아요"
자주 깨는 잠,"자주 깨는 잠이 생겼어요, 자주 깨는 잠이 있어요, 자주 깨는 잠 때문에 걱정이에요, 자주 깨는 잠 증상이 계속돼요, 자주 깨는 잠이 반복돼요, 자주 깨는 잠이 심해졌어요, 자주 깨는 잠 때문에 일상생활이 힘들어요, 자주 깨는 잠으로 병원에 가야 할 것 같아요"
복부 통증,"복부 통증이 있어요, 복부 통증이 생겼어요, 복부 통증 때문에 일상생활이 힘들어요, 복부 통증이 심해졌어요, 복부 통증 때문에 걱정이에요, 복부 통증으로 병원에 가야 할 것 같아요, 복부 통증이 반복돼요, 복부 통증 증상이 계속돼요"
발열,"발열이 있어요, 발열이 심해졌어요, 체온, 발열 때문에 일상생활이 힘들어요, 열, 발열이 생겼어요, 발열으로 병원에 가야 할 것 같아요, 발열 때문에 걱정이에요, 발열이 반복돼요, 발열, 발열 증상이 계속돼요"
고열,"고열이 생겼어요, 고열으로 병원에 가야 할 것 같아요, 고열 증상이 계속돼요, 고열이 있어요, 고열 때문에 일상생활이 힘들어요, 고열이 반복돼요, 고열이 심해졌어요, 고열 때문에 걱정이에요"
의식 저하,"의식 저하이 생겼어요, 의식 저하 때문에 일상생활이 힘들어요, 의식 저하이 심해졌어요, 의식 저하이 있어요, 의식 저하 때문에 걱정이에요, 의식 저하 증상이 계속돼요, 의식 저하이 반복돼요, 의식 저하으로 병원에 가야 할 것 같아요"
저혈압,"저혈압 증상이 계속돼요, 저혈압 때문에 일상생활이 힘들어요, 저혈압이 반복돼요, 저혈압이 심해졌어요, 저혈압이 생겼어요, 저혈압이 있어요, 저혈압으로 병원에 가야 할 것 같아요, 저혈압 때문에 걱정이에요"
복부 박동성 덩이,"복부 박동성 덩이이 심해졌어요, 복부 박동성 덩이 증상이 계속돼요, 복부 박동성 덩이이 있어요, 복부 박동성 덩이이 생겼어요, 복부 박동성 덩이이 반복돼요, 복부 박동성 덩이으로 병원에 가야 할 것 같아요, 복부 박동성 덩이 때문에 걱정이에요, 복부 박동성 덩이 때문에 일상생활이 힘들어요"
흉통,"흉통으로 병원에 가야 할 것 같아요, 흉통 증상이 계속돼요, 흉통이 있어요, 흉통 때문에 일상생활이 힘들어요, 흉통 때문에 걱정이에요, 흉통이 심해졌어요, 흉통이 반복돼요, 흉통이 생겼어요"
무의식,"무의식이 반복돼요, 무의식이 심해졌어요, 무의식 때문에 일상생활이 힘들어요, 무의식 증상이 계속돼요, 무의식이 생겼어요, 무의식이 있어요, 무의식 때문에 걱정이에요, 무의식으로 병원에 가야 할 것 같아요"
심정지,"심정지이 반복돼요, 심정지 때문에 일상생활이 힘들어요, 심정지으로 병원에 가야 할 것 같아요, 심정지 때문에 걱정이에요, 심정지 증상이 계속돼요, 심정지이 있어요, 심정지이 심해졌어요, 심정지이 생겼어요"
혼동,"혼동 때문에 일상생활이 힘들어요, 혼동 때문에 걱정이에요, 혼동으로 병원에 가야 할 것 같아요, 혼동 증상이 계속돼요, 혼동이 있어요, 혼동이 생겼어요, 혼동이 반복돼요, 혼동이 심해졌어요"
의식 저하,"의식 저하이 생겼어요, 의식 저하 때문에 일상생활이 힘들어요, 의식 저하이 심해졌어요, 의식 저하이 있어요, 의식 저하 때문에 걱정이에요, 의식 저하 증상이 계속돼요, 의식 저하이 반복돼요, 의식 저하으로 병원에 가야 할 것 같아요"
측복부 통증,"측복부 통증 때문에 걱정이에요, 측복부 통증이 심해졌어요, 측복부 통증이 있어요, 측복부 통증이 반복돼요, 측복부 통증이 생겼어요, 측복부 통증으로 병원에 가야 할 것 같아요, 측복부 통증 때문에 일상생활이 힘들어요, 측복부 통증 증상이 계속돼요"
발열,"발열이 있어요, 발열이 심해졌어요, 체온, 발열 때문에 일상생활이 힘들어요, 열, 발열이 생겼어요, 발열으로 병원에 가야 할 것 같아요, 발열 때문에 걱정이에요, 발열이 반복돼요, 발열, 발열 증상이 계속돼요"
배뇨통,"배뇨통이 반복돼요, 배뇨통이 심해졌어요, 배뇨통 때문에 일상생활이 힘들어요, 배뇨통이 생겼어요, 배뇨통 증상이 계속돼요, 배뇨통으로 병원에 가야 할 것 같아요, 배뇨통 때문에 걱정이에요, 배뇨통이 있어요"
옆구리 통증,"옆구리 통증이 있어요, 옆구리 통증으로 병원에 가야 할 것 같아요, 옆구리 통증 증상이 계속돼요, 옆구리 통증이 심해졌어요, 옆구리 통증 때문에 일상생활이 힘들어요, 옆구리 통증이 반복돼요, 옆구리 통증이 생겼어요, 옆구리 통증 때문에 걱정이에요"
혈뇨,"혈뇨이 심해졌어요, 혈뇨이 생겼어요, 혈뇨 증상이 계속돼요, 혈뇨이 있어요, 혈뇨 때문에 걱정이에요, 혈뇨으로 병원에 가야 할 것 같아요, 혈뇨이 반복돼요, 혈뇨 때문에 일상생활이 힘들어요"
복부 팽만,"복부 팽만이 생겼어요, 복부 팽만이 있어요, 복부 팽만 때문에 걱정이에요, 복부 팽만 증상이 계속돼요, 복부 팽만으로 병원에 가야 할 것 같아요, 복부 팽만이 반복돼요, 복부 팽만 때문에 일상생활이 힘들어요, 복부 팽만이 심해졌어요"
구토,"구토 때문에 일상생활이 힘들어요, 구토, 구역질, 구토 때문에 걱정이에요, 토, 구토 증상이 계속돼요, 구토이 심해졌어요, 구토이 반복돼요, 구토이 생겼어요, 구토으로 병원에 가야 할 것 같아요, 구토이 있어요"
복통,"복통이 심해졌어요, 복통이 반복돼요, 복통이 생겼어요, 복통이 있어요, 배, 복통 때문에 일상생활이 힘들어요, 복통 증상이 계속돼요, 복통, 복통 때문에 걱정이에요, 복통으로 병원에 가야 할 것 같아요"
혈변,"혈변 때문에 일상생활이 힘들어요, 혈변으로 병원에 가야 할 것 같아요, 혈변 증상이 계속돼요, 혈변이 생겼어요, 혈변이 반복돼요, 혈변이 심해졌어요, 혈변이 있어요, 혈변 때문에 걱정이에요"
흑변,"흑변으로 병원에 가야 할 것 같아요, 흑변 때문에 일상생활이 힘들어요, 흑변 때문에 걱정이에요, 흑변 증상이 계속돼요, 흑변이 있어요, 흑변이 심해졌어요, 흑변이 반복돼요, 흑변이 생겼어요"
빈혈,"빈혈 때문에 일상생활이 힘들어요, 빈혈 때문에 걱정이에요, 빈혈이 반복돼요, 빈혈이 생겼어요, 빈혈이 있어요, 빈혈이 심해졌어요, 빈혈으로 병원에 가야 할 것 같아요, 빈혈 증상이 계속돼요"
두통,"두통 때문에 걱정이에요, 두통 증상이 계속돼요, 두통이 생겼어요, 두통이 심해졌어요, 두통이 반복돼요, 두통 때문에 일상생활이 힘들어요, 두통이 있어요, 두통으로 병원에 가야 할 것 같아요, 머리, 뇌, 두통"
의식 저하,"의식 저하이 생겼어요, 의식 저하 때문에 일상생활이 힘들어요, 의식 저하이 심해졌어요, 의식 저하이 있어요, 의식 저하 때문에 걱정이에요, 의식 저하 증상이 계속돼요, 의식 저하이 반복돼요, 의식 저하으로 병원에 가야 할 것 같아요"
반신마비,"반신마비이 심해졌어요, 반신마비이 반복돼요, 반신마비으로 병원에 가야 할 것 같아요, 반신마비 때문에 일상생활이 힘들어요, 반신마비이 있어요, 반신마비 증상이 계속돼요, 반신마비이 생겼어요, 반신마비 때문에 걱정이에요"
언어장애,"언어장애이 생겼어요, 언어장애 때문에 걱정이에요, 언어장애이 있어요, 언어장애이 반복돼요, 언어장애이 심해졌어요, 언어장애 증상이 계속돼요, 언어장애 때문에 일상생활이 힘들어요, 언어장애으로 병원에 가야 할 것 같아요"
마비,"마비 때문에 걱정이에요, 마비이 심해졌어요, 마비이 생겼어요, 마비 때문에 일상생활이 힘들어요, 마비 증상이 계속돼요, 마비으로 병원에 가야 할 것 같아요, 마비이 반복돼요, 마비이 있어요"
어지럼증,"어지럼증 증상이 계속돼요, 어지럼증이 반복돼요, 어지럼증 때문에 걱정이에요, 어지럼증으로 병원에 가야 할 것 같아요, 어지럼증이 있어요, 어지럼증 때문에 일상생활이 힘들어요, 어지럼증이 생겼어요, 어지럼증이 심해졌어요"
하지 통증,"하지 통증이 심해졌어요, 하지 통증으로 병원에 가야 할 것 같아요, 하지 통증이 반복돼요, 하지 통증 때문에 걱정이에요, 하지 통증 때문에 일상생활이 힘들어요, 하지 통증이 생겼어요, 하지 통증이 있어요, 하지 통증 증상이 계속돼요"
보행장애,"보행장애이 심해졌어요, 보행장애 때문에 걱정이에요, 보행장애이 생겼어요, 보행장애 증상이 계속돼요, 보행장애이 있어요, 보행장애 때문에 일상생활이 힘들어요, 보행장애으로 병원에 가야 할 것 같아요, 보행장애이 반복돼요"
요통,"요통 때문에 걱정이에요, 요통 증상이 계속돼요, 요통 때문에 일상생활이 힘들어요, 요통이 있어요, 허리, 요통이 심해졌어요, 요통이 생겼어요, 요통, 요통이 반복돼요, 요통으로 병원에 가야 할 것 같아요"
다리 저림,"다리 저림이 있어요, 다리 저림 증상이 계속돼요, 다리 저림으로 병원에 가야 할 것 같아요, 다리 저림 때문에 걱정이에요, 다리 저림이 생겼어요, 다리 저림이 심해졌어요, 다리 저림이 반복돼요, 다리 저림 때문에 일상생활이 힘들어요"
허리 통증,"허리 통증 때문에 일상생활이 힘들어요, 허리 통증 증상이 계속돼요, 허리 통증이 있어요, 허리 통증이 반복돼요, 허리 통증으로 병원에 가야 할 것 같아요, 허리 통증이 심해졌어요, 허리 통증이 생겼어요, 허리 통증 때문에 걱정이에요"
움직임 제한,"움직임 제한이 심해졌어요, 움직임 제한 때문에 걱정이에요, 움직임 제한이 생겼어요, 움직임 제한 때문에 일상생활이 힘들어요, 움직임 제한이 있어요, 움직임 제한이 반복돼요, 움직임 제한으로 병원에 가야 할 것 같아요, 움직임 제한 증상이 계속돼요"
어깨 통증,"어깨 통증 때문에 일상생활이 힘들어요, 어깨 통증 때문에 걱정이에요, 어깨 통증 증상이 계속돼요, 어깨 통증으로 병원에 가야 할 것 같아요, 어깨 통증이 반복돼요, 어깨 통증이 있어요, 어깨 통증이 생겼어요, 어깨 통증이 심해졌어요"
운동 제한,"운동 제한으로 병원에 가야 할 것 같아요, 운동 제한 때문에 걱정이에요, 운동 제한이 있어요, 운동 제한이 생겼어요, 운동 제한 때문에 일상생활이 힘들어요, 운동 제한이 반복돼요, 운동 제한이 심해졌어요, 운동 제한 증상이 계속돼요"
어깨 통증,"어깨 통증 때문에 일상생활이 힘들어요, 어깨 통증 때문에 걱정이에요, 어깨 통증 증상이 계속돼요, 어깨 통증으로 병원에 가야 할 것 같아요, 어깨 통증이 반복돼요, 어깨 통증이 있어요, 어깨 통증이 생겼어요, 어깨 통증이 심해졌어요"
팔 들기 어려움,"팔 들기 어려움 증상이 계속돼요, 팔 들기 어려움이 생겼어요, 팔 들기 어려움이 심해졌어요, 팔 들기 어려움이 있어요, 팔 들기 어려움 때문에 걱정이에요, 팔 들기 어려움 때문에 일상생활이 힘들어요, 팔 들기 어려움으로 병원에 가야 할 것 같아요, 팔 들기 어려움이 반복돼요"
요통,"요통 때문에 걱정이에요, 요통 증상이 계속돼요, 요통 때문에 일상생활이 힘들어요, 요통이 있어요, 허리, 요통이 심해졌어요, 요통이 생겼어요, 요통, 요통이 반복돼요, 요통으로 병원에 가야 할 것 같아요"
움직일 때 통증,"움직일 때 통증이 생겼어요, 움직일 때 통증이 있어요, 움직일 때 통증이 반복돼요, 움직일 때 통증 때문에 걱정이에요, 움직일 때 통증 증상이 계속돼요, 움직일 때 통증 때문에 일상생활이 힘들어요, 움직일 때 통증이 심해졌어요, 움직일 때 통증으로 병원에 가야 할 것 같아요"
손목 부종,"손목 부종이 있어요, 손목 부종이 생겼어요, 손목 부종 때문에 일상생활이 힘들어요, 손목 부종이 반복돼요, 손목 부종 때문에 걱정이에요, 손목 부종 증상이 계속돼요, 손목 부종이 심해졌어요, 손목 부종으로 병원에 가야 할 것 같아요"
통증,"통증으로 병원에 가야 할 것 같아요, 통증이 심해졌어요, 통증 때문에 일상생활이 힘들어요, 통증 때문에 걱정이에요, 통증이 있어요, 통증 증상이 계속돼요, 통증이 반복돼요, 통증이 생겼어요"
엉덩이 통증,"엉덩이 통증이 심해졌어요, 엉덩이 통증 증상이 계속돼요, 엉덩이 통증으로 병원에 가야 할 것 같아요, 엉덩이 통증이 반복돼요, 엉덩이 통증 때문에 걱정이에요, 엉덩이 통증이 생겼어요, 엉덩이 통증 때문에 일상생활이 힘들어요, 엉덩이 통증이 있어요"
보행 곤란,"보행 곤란 증상이 계속돼요, 보행 곤란이 심해졌어요, 보행 곤란이 생겼어요, 보행 곤란이 있어요, 보행 곤란으로 병원에 가야 할 것 같아요, 보행 곤란 때문에 걱정이에요, 보행 곤란이 반복돼요, 보행 곤란 때문에 일상생활이 힘들어요"
윗눈꺼풀 처짐,"윗눈꺼풀 처짐 증상이 계속돼요, 윗눈꺼풀 처짐이 있어요, 윗눈꺼풀 처짐이 반복돼요, 윗눈꺼풀 처짐으로 병원에 가야 할 것 같아요, 윗눈꺼풀 처짐이 생겼어요, 윗눈꺼풀 처짐 때문에 일상생활이 힘들어요, 윗눈꺼풀 처짐 때문에 걱정이에요, 윗눈꺼풀 처짐이 심해졌어요"
피부 탈색,"피부 탈색이 생겼어요, 피부 탈색이 반복돼요, 피부 탈색으로 병원에 가야 할 것 같아요, 피부 탈색 때문에 걱정이에요, 피부 탈색이 있어요, 피부 탈색 때문에 일상생활이 힘들어요, 피부 탈색 증상이 계속돼요, 피부 탈색이 심해졌어요"
하얀 반점,"하얀 반점이 생겼어요, 하얀 반점으로 병원에 가야 할 것 같아요, 하얀 반점 때문에 일상생활이 힘들어요, 하얀 반점 때문에 걱정이에요, 하얀 반점이 있어요, 하얀 반점이 심해졌어요, 하얀 반점 증상이 계속돼요, 하얀 반점이 반복돼요"
피부 비늘,"피부 비늘이 생겼어요, 피부 비늘이 있어요, 피부 비늘 때문에 일상생활이 힘들어요, 피부 비늘으로 병원에 가야 할 것 같아요, 피부 비늘 증상이 계속돼요, 피부 비늘이 심해졌어요, 피부 비늘 때문에 걱정이에요, 피부 비늘이 반복돼요"
가려움,"가려움이 반복돼요, 가려움이 있어요, 가려움이 심해졌어요, 가려움 증상이 계속돼요, 가려움 때문에 걱정이에요, 가려움으로 병원에 가야 할 것 같아요, 가려움 때문에 일상생활이 힘들어요, 가려움이 생겼어요"
얼굴 붉음,"얼굴 붉음이 있어요, 얼굴 붉음 때문에 걱정이에요, 얼굴 붉음이 심해졌어요, 얼굴 붉음으로 병원에 가야 할 것 같아요, 얼굴 붉음이 반복돼요, 얼굴 붉음 때문에 일상생활이 힘들어요, 얼굴 붉음이 생겼어요, 얼굴 붉음 증상이 계속돼요"
비듬,"비듬 증상이 계속돼요, 비듬이 반복돼요, 비듬이 심해졌어요, 비듬 때문에 일상생활이 힘들어요, 비듬이 있어요, 비듬이 생겼어요, 비듬으로 병원에 가야 할 것 같아요, 비듬 때문에 걱정이에요"
발가락 사이 가려움,"발가락 사이 가려움 때문에 걱정이에요, 발가락 사이 가려움 때문에 일상생활이 힘들어요, 발가락 사이 가려움이 생겼어요, 발가락 사이 가려움이 있어요, 발가락 사이 가려움이 반복돼요, 발가락 사이 가려움으로 병원에 가야 할 것 같아요, 발가락 사이 가려움이 심해졌어요, 발가락 사이 가려움 증상이 계속돼요"
갈라짐,"갈라짐이 생겼어요, 갈라짐이 반복돼요, 갈라짐 때문에 일상생활이 힘들어요, 갈라짐 때문에 걱정이에요, 갈라짐으로 병원에 가야 할 것 같아요, 갈라짐이 있어요, 갈라짐 증상이 계속돼요, 갈라짐이 심해졌어요"
피부 발진,"피부 발진 때문에 걱정이에요, 피부 발진 때문에 일상생활이 힘들어요, 피부 발진이 반복돼요, 피부 발진이 생겼어요, 피부 발진이 심해졌어요, 피부 발진이 있어요, 피부 발진으로 병원에 가야 할 것 같아요, 피부 발진 증상이 계속돼요"
통증,"통증으로 병원에 가야 할 것 같아요, 통증이 심해졌어요, 통증 때문에 일상생활이 힘들어요, 통증 때문에 걱정이에요, 통증이 있어요, 통증 증상이 계속돼요, 통증이 반복돼요, 통증이 생겼어요"
가려움,"가려움이 반복돼요, 가려움이 있어요, 가려움이 심해졌어요, 가려움 증상이 계속돼요, 가려움 때문에 걱정이에요, 가려움으로 병원에 가야 할 것 같아요, 가려움 때문에 일상생활이 힘들어요, 가려움이 생겼어요"
진물,"진물 증상이 계속돼요, 진물이 심해졌어요, 진물이 생겼어요, 진물이 있어요, 진물으로 병원에 가야 할 것 같아요, 진물 때문에 걱정이에요, 진물 때문에 일상생활이 힘들어요, 진물이 반복돼요"
피부 갈라짐,"피부 갈라짐 때문에 걱정이에요, 피부 갈라짐이 심해졌어요, 피부 갈라짐 때문에 일상생활이 힘들어요, 피부 갈라짐이 반복돼요, 피부 갈라짐이 생겼어요, 피부 갈라짐 증상이 계속돼요, 피부 갈라짐이 있어요, 피부 갈라짐으로 병원에 가야 할 것 같아요"
시야 흐림,"시야 흐림이 생겼어요, 시야 흐림 때문에 일상생활이 힘들어요, 시야 흐림 증상이 계속돼요, 시야 흐림으로 병원에 가야 할 것 같아요, 시야 흐림이 있어요, 시야 흐림이 반복돼요, 시야 흐림이 심해졌어요, 시야 흐림 때문에 걱정이에요"
빛 번짐,"빛 번짐이 반복돼요, 빛 번짐 때문에 일상생활이 힘들어요, 빛 번짐이 있어요, 빛 번짐이 생겼어요, 빛 번짐 증상이 계속돼요, 빛 번짐으로 병원에 가야 할 것 같아요, 빛 번짐 때문에 걱정이에요, 빛 번짐이 심해졌어요"
시야 감소,"시야 감소 때문에 걱정이에요, 시야 감소으로 병원에 가야 할 것 같아요, 시야 감소 증상이 계속돼요, 시야 감소이 반복돼요, 시야 감소 때문에 일상생활이 힘들어요, 시야 감소이 생겼어요, 시야 감소이 있어요, 시야 감소이 심해졌어요"
안압 상승,"안압 상승이 있어요, 안압 상승 때문에 일상생활이 힘들어요, 안압 상승이 생겼어요, 안압 상승이 심해졌어요, 안압 상승으로 병원에 가야 할 것 같아요, 안압 상승 때문에 걱정이에요, 안압 상승 증상이 계속돼요, 안압 상승이 반복돼요"
눈 충혈,"눈 충혈 때문에 걱정이에요, 눈 충혈이 심해졌어요, 눈 충혈 때문에 일상생활이 힘들어요, 눈 충혈이 있어요, 눈 충혈으로 병원에 가야 할 것 같아요, 눈 충혈 증상이 계속돼요, 눈 충혈이 생겼어요, 눈 충혈이 반복돼요"
가려움,"가려움이 반복돼요, 가려움이 있어요, 가려움이 심해졌어요, 가려움 증상이 계속돼요, 가려움 때문에 걱정이에요, 가려움으로 병원에 가야 할 것 같아요, 가려움 때문에 일상생활이 힘들어요, 가려움이 생겼어요"
중심 시야 흐림,"중심 시야 흐림이 있어요, 중심 시야 흐림 증상이 계속돼요, 중심 시야 흐림이 생겼어요, 중심 시야 흐림이 심해졌어요, 중심 시야 흐림 때문에 일상생활이 힘들어요, 중심 시야 흐림 때문에 걱정이에요, 중심 시야 흐림이 반복돼요, 중심 시야 흐림으로 병원에 가야 할 것 같아요"
눈 건조함,"눈 건조함 때문에 걱정이에요, 눈 건조함이 반복돼요, 눈 건조함이 있어요, 눈 건조함 때문에 일상생활이 힘들어요, 눈 건조함으로 병원에 가야 할 것 같아요, 눈 건조함이 생겼어요, 눈 건조함이 심해졌어요, 눈 건조함 증상이 계속돼요"
이물감,"이물감 때문에 걱정이에요, 이물감으로 병원에 가야 할 것 같아요, 이물감이 심해졌어요, 이물감 증상이 계속돼요, 이물감 때문에 일상생활이 힘들어요, 이물감이 생겼어요, 이물감이 있어요, 이물감이 반복돼요"
귀에서 소리 느낌,"귀에서 소리 느낌이 있어요, 귀에서 소리 느낌 증상이 계속돼요, 귀에서 소리 느낌이 반복돼요, 귀에서 소리 느낌이 생겼어요, 귀에서 소리 느낌 때문에 걱정이에요, 귀에서 소리 느낌이 심해졌어요, 귀에서 소리 느낌 때문에 일상생활이 힘들어요, 귀에서 소리 느낌으로 병원에 가야 할 것 같아요"
청력 저하,"청력 저하이 반복돼요, 청력 저하이 있어요, 청력 저하이 심해졌어요, 청력 저하으로 병원에 가야 할 것 같아요, 청력 저하 때문에 일상생활이 힘들어요, 청력 저하이 생겼어요, 청력 저하 때문에 걱정이에요, 청력 저하 증상이 계속돼요"
말귀 못 알아들음,"말귀 못 알아들음이 생겼어요, 말귀 못 알아들음 증상이 계속돼요, 말귀 못 알아들음이 심해졌어요, 말귀 못 알아들음이 반복돼요, 말귀 못 알아들음 때문에 일상생활이 힘들어요, 말귀 못 알아들음 때문에 걱정이에요, 말귀 못 알아들음이 있어요, 말귀 못 알아들음으로 병원에 가야 할 것 같아요"
귀 통증,"귀 통증이 반복돼요, 귀 통증 때문에 일상생활이 힘들어요, 귀 통증 증상이 계속돼요, 귀 통증 때문에 걱정이에요, 귀 통증으로 병원에 가야 할 것 같아요, 귀 통증이 생겼어요, 귀 통증이 심해졌어요, 귀 통증이 있어요"
발열,"발열이 있어요, 발열이 심해졌어요, 체온, 발열 때문에 일상생활이 힘들어요, 열, 발열이 생겼어요, 발열으로 병원에 가야 할 것 같아요, 발열 때문에 걱정이에요, 발열이 반복돼요, 발열, 발열 증상이 계속돼요"
어지럼증,"어지럼증 증상이 계속돼요, 어지럼증이 반복돼요, 어지럼증 때문에 걱정이에요, 어지럼증으로 병원에 가야 할 것 같아요, 어지럼증이 있어요, 어지럼증 때문에 일상생활이 힘들어요, 어지럼증이 생겼어요, 어지럼증이 심해졌어요"
균형 문제,"균형 문제이 반복돼요, 균형 문제이 심해졌어요, 균형 문제 때문에 걱정이에요, 균형 문제 때문에 일상생활이 힘들어요, 균형 문제 증상이 계속돼요, 균형 문제으로 병원에 가야 할 것 같아요, 균형 문제이 있어요, 균형 문제이 생겼어요"
이명,"이명이 있어요, 이명이 반복돼요, 이명이 심해졌어요, 이명 증상이 계속돼요, 이명 때문에 걱정이에요, 이명 때문에 일상생활이 힘들어요, 이명이 생겼어요, 이명으로 병원에 가야 할 것 같아요"
어지럼증,"어지럼증 증상이 계속돼요, 어지럼증이 반복돼요, 어지럼증 때문에 걱정이에요, 어지럼증으로 병원에 가야 할 것 같아요, 어지럼증이 있어요, 어지럼증 때문에 일상생활이 힘들어요, 어지럼증이 생겼어요, 어지럼증이 심해졌어요"
청력 저하,"청력 저하이 반복돼요, 청력 저하이 있어요, 청력 저하이 심해졌어요, 청력 저하으로 병원에 가야 할 것 같아요, 청력 저하 때문에 일상생활이 힘들어요, 청력 저하이 생겼어요, 청력 저하 때문에 걱정이에요, 청력 저하 증상이 계속돼요"
소화불량,"소화불량으로 병원에 가야 할 것 같아요, 소화불량 때문에 일상생활이 힘들어요, 소화불량 때문에 걱정이에요, 속, 더부룩, 소화불량이 반복돼요, 소화불량 증상이 계속돼요, 소화불량이 생겼어요, 소화, 소화불량이 심해졌어요, 소화불량이 있어요"
